PI_num,med_,am_,cmed3_,cam3_,med2_,med3_,am2_,am3_,cam3pmed_,cam4pmed_,cam4pam_,blueglm
PI533911,9.99089999999998,13.849725,13.6501,16.9258428571429,10.9483,2.0027,12.6193666666667,2.0027,12.3004333333333,11.1864,11.8752208333333,13.849725
PI656108,25.9127,28.3355444444444,25.9127,28.3355444444444,7.53780000000003,25.9127,7.98816666666667,33.8835,26.9705666666667,26.9705666666667,28.3355444444444,28.3355444444435
PI597968,11.01477,9.34472333333333,11.13044,9.60017333333334,10.8991,4.6731,9.43322000000001,7.05768666666667,9.28546666666668,8.746825,9.34472333333333,9.34472333333321
PI595739,42.71433,46.89544,54.3144,57.262676,63.287865,38.377365,63.287865,38.377365,61.5493833333333,51.406375,51.406375,46.8954400000009
PI656116,46.79555,49.39225,37.19025,48.1926,28.625,37.19025,28.625,37.19025,51.86005,51.842925,51.842925,49.39225
PI533915,8.60526,17.69001625,12.65887,21.4666,NA,25.213935,NA,25.213935,14.8827925,10.4392383333333,18.5260072222222,17.69001625
PI656056,38.09165,40.39113,36.8654,44.1896714285714,36.8654,43.9891,37.4747666666667,43.9891,45.1057,43.65875,41.8635833333333,40.39113
PI656108,25.49699,30.2797985714286,28.566,36.18056,58.458,39.4216,58.458,39.4216,39.8934666666667,33.80207375,33.80207375,30.2797985714291
PI533769,30.4649,34.8065027272727,24.9198,29.1682366666667,11.4531,53.6861,12.2347233333333,54.3986566666667,30.0196666666667,37.559425,36.9208525,34.8065027272727
PI576376,54.226305,46.73802,56.792205,53.759005,56.792205,21.0038,56.792205,21.0038,52.7479383333333,47.73496625,47.73496625,46.7380199999992
PI656010,35.3525,33.017425,40.3568,37.92305,50.6027,34.01345,50.6027,34.01345,37.92305,33.017425,33.017425,33.017425
PI656076,22.34225,21.9994,19.3076,16.6094111111111,19.3076,28.1298,14.7865333333333,24.7476666666667,17.8651,22.93415,21.9994,21.9993999999999
PI533980,14.12,13.30689,11.64,10.7006266666667,8.24894999999999,16.66568,8.24894999999999,16.66568,10.7006266666667,13.30689,13.30689,13.3068899999999
PI656039,22.173525,24.5919575,23.088015,25.6798016666667,23.088015,13.835775,23.088015,13.835775,25.6798016666667,24.5919575,24.5919575,24.5919575000001
PI533750,14.611445,17.917165,16.6788,22.1567977777778,16.77979,16.02579,17.76073,14.3933966666667,23.66796,19.289545,17.917165,17.9171650000002
PI656079,26.72218,23.0929333333333,22.29784,20.0208422222222,13.4276,30.8236,13.2855133333333,29.7363133333333,20.0913,23.2306,23.0929333333333,23.0929333333334
PI656112,29.7119,28.9428381818182,43.0142,37.462315,48.9364,16.1046,44.8720666666667,17.9208333333333,40.2336366666667,31.3983275,31.1692608333333,28.9428381818181
PI576373,14.7965,15.5345111111111,13.82321,14.6984866666667,19.0392,14.9444,16.9359066666667,14.9444,13.826,14.068625,14.1453166666667,15.5345111111111
PI534097,20.236595,27.1651758333333,28.05099,32.3092511111111,39.0795,0.52249999999998,39.4346966666667,1.46119999999999,31.1503266666667,26.18427,27.1651758333333,27.1651758333333
PI533877,7.84844000000001,7.79341166666667,10.1043,9.28038444444444,12.3096,5.74259999999998,12.66946,8.62412666666666,8.53476666666666,6.70725,7.79341166666667,7.79341166666656
PI597945,21.096743,27.9492818181818,21.096743,28.9350022222222,10.6146,14.5803,19.5702823333333,22.3859466666667,24.8438333333333,24.51126,27.5796366666667,27.949281818182
PI629059,17.2061,15.942662,16.20245,14.96145,17.8131,12.86345,15.913,12.86345,15.3580833333333,16.48544,16.0131316666667,15.9426620000001
PI533871,14.2662,18.8756854545455,25.085645,22.84215125,18.94612,30.06543,18.94612,25.7782433333333,23.74555,20.1669375,18.881555,18.8756854545455
PI533830,22.17895,25.6766683333333,27.86115,31.9247,27.86115,18.895,27.86115,18.895,33.2792166666667,28.25456375,28.25456375,25.6766683333334
PI576359,31.4455,24.8706272727273,17.1468,22.18905,14.5417,4.38865,12.4218666666667,4.38865,21.1814833333333,23.9341125,23.1637958333333,24.8706272727272
PI656018,31.3773,38.3175966666667,31.3773,38.3175966666667,24.1278,47.6771,24.1278,50.7090933333333,32.8767166666667,32.8767166666667,33.8873811111111,38.3175966666663
PI533938,32.2993,26.1903428571428,32.2993,26.1903428571428,1.72029999999998,69.678,3.54179999999999,69.678,34.9823666666666,34.9823666666666,35.8542666666667,26.1903428571428
PI534117,17.84024,21.45118,21.4246,20.8195666666667,40.7616,10.84855,40.7616,10.84855,25.805075,21.9553433333333,24.5643144444444,21.4511800000001
PI533940,16.7009,20.9397218181818,17.97255,18.26578625,24.87918,14.747525,26.4120933333333,14.747525,15.3392683333333,13.68995125,20.4237054166667,20.9397218181818
PI656033,63.1924,59.50698,54.49545,54.49545,34.1293,NA,34.1293,NA,54.49545,57.3944333333333,57.2796333333333,59.5069800000011
PI534070,28.2376,31.1075945454545,28.2376,27.1623377777778,19.1743,19.2439,23.8836233333333,21.2688566666666,24.2381666666667,30.3939375,32.5870658333333,31.1075945454546
PI655975,12.94094,16.8110011111111,11.71052,11.1811016666667,11.8611,9.36102000000001,10.6101566666667,9.36102000000001,12.5854066666667,16.797705,16.1440191666667,16.811001111111
PI656051,24.21725,36.949132,38.87885,42.5517225,85.832095,51.9886,85.832095,48.6457,48.154965,39.75091625,39.1551820833333,36.9491320000002
PI656053,39.25145,34.33408875,42.0776,45.16135,49.304,42.1016,59.8481,42.1016,38.6889,29.47975125,32.11577625,34.3340887500002
PI576345,21.6201,26.827717,32.7801,31.34335,11.8273,41.4213,16.7273333333333,41.4213,31.6289666666667,25.91302125,26.5386379166667,26.827717
PI656097,6.5112,7.80909506363637,10.6082,9.11838285555556,10.6522,10.6082,11.04383,11.15883,7.32930000000001,5.97630000000001,7.31811214166667,7.80909506363618
PI576349,29.5718,34.426375,29.4292,34.5131888888889,8.49619999999999,29.4292,9.20993333333333,27.6005333333333,35.8302666666667,35.4521,34.426375,34.4263749999999
PI656096,12.6137,15.49852,14.2417,16.7174444444444,14.2417,10.0494,11.1554733333333,11.9590266666667,18.6469666666667,15.117275,13.6701333333333,15.4985199999998
PI576345,25.1835,31.0805516666667,24.219,31.3703688888889,4.78990000000002,24.219,5.43826666666668,22.2884,31.8248666666667,31.960475,31.0805516666667,31.0805516666667
PI656059,14.452,16.87367875,14.452,16.4871383333333,40.6656,14.195125,40.6656,14.195125,23.0894416666667,21.82540625,20.71242125,16.87367875
PI534108,10.7365,14.455302,7.63465000000001,13.71057875,5.95680000000002,30.57732,5.14812666666668,25.2535066666667,15.257995,15.802045,14.2689233333333,14.4553019999999
PI533866,6.49180000000003,13.404295,6.44230000000002,12.7108514285714,4.94573,31.502115,4.70157666666667,31.502115,14.127115,15.15993625,15.0988979166667,13.404295
PI576340,20.5176,20.0478857142857,24.1136,23.19454,13.9826,24.1136,13.9826,24.1136,23.3477166666667,20.5561,20.5561,20.0478857142858
PI533845,7.47829999999999,14.7213363636364,9.44319999999999,17.4798125,11.4081,4.08799999999999,11.6125333333333,4.06296666666665,20.6340333333333,17.07415,17.361725,14.7213363636363
PI659695,14.482,23.5101366666667,11.928,21.7530714285714,9.76115,39.9176,9.76115,35.4464,20.96125,23.13590375,22.01810375,23.5101366666666
PI533964,79.4791,79.3471085714286,80.638965,79.81201,81.79883,71.62385,83.3859766666667,71.62385,79.6297033333333,78.8617025,79.2584891666667,79.347108571429
PI607931,13.002805,20.73752,19.3839,24.35212375,12.133,33.7086,12.133,46.4917,18.269,15.27152625,18.81560875,20.7375199999999
PI597964,37.486538,34.8130896,46.4776,38.4678394285714,47.7345,13.4684,47.7345,13.4684,38.2743333333333,33.181175,34.1111496666667,34.8130895999999
PI533915,35.5936,32.151602,35.863,31.7146742857143,48.623,38.5923,48.623,38.5923,35.9803,35.816275,34.0609433333333,32.151602
PI576359,7.29042999999999,11.4943933333333,7.19895999999997,10.7663244444444,7.19895999999997,3.44959999999998,12.2721866666667,3.16459999999999,7.34350666666664,8.49402999999997,11.4943933333333,11.4943933333333
PI655976,33.8871,38.6086342727273,36.4025,42.1206418888889,33.8871,47.092777,35.4168,52.1494256666667,36.2709923333333,32.90439425,37.2916314166667,38.6086342727273
PI576345,48.184,46.4352555555556,43.41185,37.3339666666667,31.8463,43.41185,28.0693333333333,43.41185,42.7434166666667,45.4795125,47.2727791666667,46.4352555555554
PI656100,9.38160000000002,21.97865,7.39160000000001,10.1379285714286,6.616595,6.51515,6.616595,10.45247,8.77306500000001,22.4350925,23.4194225,21.97865
PI595740,27.5845,22.8877444444445,21.18195,21.7192666666667,38.7485,8.12539999999998,26.6087666666667,8.12539999999998,22.6852833333333,24.9567375,20.2852041666667,22.8877444444444
PI656106,15.5173,15.6345909090909,15.9749495,18.550087375,10.3228,16.083499,13.8779333333333,16.4095996666667,18.391783,15.83468725,16.7291291666667,15.634590909091
PI656058,50.3515,45.9695022222222,50.8337,45.4217525,58.16441,61.739,58.16441,65.8000266666667,44.3515366666667,45.8515275,47.7160775,45.9695022222224
PI656108,41.7983,40.9551957142857,41.7983,37.858474,85.9474,21.494685,85.9474,21.494685,45.873295,46.57922125,46.57922125,40.955195714286
PI597971,19.63995,18.6054583333333,19.6423,17.1540777777778,19.6423,29.0943,17.858,24.193,18.0733,18.464375,18.6054583333333,18.6054583333333
PI656027,25.5907,29.93265,22.9428,23.6930571428571,28.2386,45.0732,31.4551666666667,45.0732,25.8392333333333,37.781875,39.7356,29.93265
PI576425,36.8036,30.5431966666667,27.412995,27.412995,NA,7.24139,NA,7.24139,27.412995,30.5431966666667,30.5431966666667,30.5431966666668
PI655979,13.6488285,14.1128537,14.90014,16.8672381428571,25.3771,13.22812,23.73078,13.22812,16.2720878333333,13.697140875,13.7139750416667,14.1128536999999
PI533937,11.9293,22.5941777777778,18.271,28.1888166666667,31.40035,7.5369,31.40035,6.49660000000001,41.92655,34.0592375,34.0360625,22.5941777777779
PI656016,22.1185,31.0478381818182,24.145755,33.762165,12.26001,22.1185,30.4994033333333,18.5889366666667,31.9315533333333,26.70129,33.5785308333333,31.0478381818182
PI533761,33.145,38.0346818181818,38.0823,41.95005,30.9733,7.06629999999998,30.9733,33.3063666666667,29.3091666666667,27.612925,37.4462333333333,38.0346818181818
PI656114,34.538,31.1531925,23.8826,21.85468,23.8826,24.777,19.9064666666667,24.777,24.3298,29.86958,30.4447266666667,31.1531925000001
PI597946,22.6506,23.8564545454545,24.4836,26.375725,21.9817,12.4238,21.9817,22.3948666666667,22.6798,21.0045,23.700225,23.8564545454546
PI597949,39.9188,39.0259145454545,34.4034,34.4881777777778,26.3608,39.9188,27.833,42.5996666666667,30.5760333333333,37.7934575,40.7275658333333,39.0259145454545
PI595720,38.392595,38.3183275,43.7364,42.7391,38.392595,7.09992,38.392595,32.0262366666667,36.215805,29.00508375,35.2366629166667,38.3183275
PI533956,27.202802,24.1222208,29.024852,26.4670005,32.4407,27.505304,32.2764666666667,24.6746346666667,26.7957846666667,23.782614,23.0338883333333,24.1222208000001
PI533972,17.51198,19.7173311111111,16.8047,19.0675828571429,16.8047,7.47294999999998,15.0235933333333,7.47294999999998,20.3352833333333,20.749325,20.3040483333333,19.7173311111112
PI533792,19.5934,16.65769,21.71645,19.9678125,14.7555,19.5934,13.5699666666667,19.5934,20.5044,16.2326,15.7989583333333,16.6576900000001
PI534028,48.445075,50.386461625,48.445075,47.4238633333333,63.71111,42.453545,63.71111,42.453545,47.4238633333333,50.386461625,50.386461625,50.3864616250002
PI656007,18.3033,22.83594,18.17905,22.3602166666667,18.3033,53.5247,18.5744333333333,53.5247,28.0948833333333,27.4937325,27.5615158333333,22.83594
PI576381,15.2695,16.1401444444444,12.7205,15.3217557142857,15.2695,11.52721,15.2695,11.34097,15.1901033333333,16.14370375,16.23373375,16.1401444444445
PI533814,78.47185,77.061,74.45635,74.45635,84.0488,64.8639,84.0488,64.8639,74.45635,76.1927833333333,76.1927833333333,77.0610000000001
PI534145,19.96367,21.7666,12.80876,18.8149777777778,28.7595,8.37689999999998,32.5911133333333,7.52819999999999,16.6483866666667,18.98924,21.7666,21.7666
PI656085,8.6374,8.6374,8.6374,8.6374,10.4454,NA,10.4454,NA,8.6374,8.6374,8.6374,8.63739999999992
PI597949,40.28125,44.123785,32.82112,36.6650588888889,38.5186,46.2774,36.0174066666667,46.90253,37.3792,45.145225,44.123785,44.1237850000002
PI642791,13.3619,13.6887727272727,13.3619,12.8939444444444,16.0462,16.2329,16.3586,16.0996333333333,12.0938333333333,13.38675,13.9868333333333,13.6887727272726
PI534054,24.26015,24.54601,28.22655,26.387975,22.5805,17.96935,18.9378333333333,17.96935,25.96285,23.766675,23.3839666666667,24.54601
PI534054,40.0102,40.0650636363636,44.84435,39.9760625,49.6785,54.97555,45.5329666666667,54.97555,44.7765166666667,41.8395375,41.3076041666667,40.0650636363637
PI534046,7.7397,10.5144166666667,10.0812,12.7669755555556,16.4309,4.04259999999999,14.6150766666667,3.13275666666666,15.1799266666667,12.212595,10.5144166666667,10.5144166666668
PI533761,17.701535,28.15778375,15.04625,23.9632333333333,19.95237,15.4507,33.97329,15.4507,16.202495,22.33723,25.84246,28.15778375
PI542406,41.825555,42.975055,49.61641,48.99184,63.32441,34.0347,63.32441,34.0347,48.99184,42.975055,42.975055,42.9750550000003
PI533856,31.50003,31.455823,34.1926,37.9610285714286,41.74377,18.069,43.0088233333333,19.7756766666667,45.7288233333333,38.1376175,39.1088025,31.455823
PI533799,16.40455,19.6918881818182,14.87465,19.8114875,5.92690000000002,16.2889,7.68458333333334,14.12835,22.9141166666667,21.7597275,21.92811,19.6918881818182
PI533799,13.3346,20.5117744444444,18.4585,25.2503671428571,27.5107,18.4585,27.5107,14.8482566666667,28.1874666666667,22.122275,21.2197141666667,20.5117744444444
PI576333,18.564735,18.6828625,23.9994,22.7395755555555,32.0602,30.7802,29.4171,29.7490666666667,24.5269333333333,19.395525,18.6828625,18.6828624999999
PI534070,25.6817,25.1172983333333,26.7054,25.4747177777778,37.866,26.7054,36.65979,27.40994,25.8311566666667,25.5378675,25.1172983333333,25.1172983333333
PI656024,38.998055,35.210635,40.756,43.6685533333333,39.59747,38.39864,37.57889,38.4295466666667,44.9767033333334,36.0027775,35.210635,35.210635
PI642791,12.9469,14.9987083333333,13.9034,17.2850333333333,11.9904,3.79570000000001,10.7609666666667,6.95743333333334,16.0901333333334,13.6159,14.9987083333333,14.9987083333332
PI656118,29.108,28.7671111111111,28.2852,28.035875,28.5467,35.689,28.5467,31.5175666666667,29.9414333333333,31.110325,29.723725,28.7671111111111
PI656020,6.58799999999997,11.0600227644444,5.14859999999999,5.00737081333331,6.58799999999997,2.71289999999999,7.31434829333332,2.7003933333333,4.65044999999998,7.48982666666664,11.0600227644444,11.0600227644443
PI576428,41.7245,40.4409428571429,44.53575,45.6288,41.7245,NA,41.6363,NA,48.2245,35.2542666666667,33.5238,40.4409428571429
PI655974,17.5391,34.4354825,17.5391,33.8772166666667,35.90845,16.3406,35.90845,16.3406,23.6622166666667,26.7742325,31.6819825,34.4354825
PI533919,17.6162,26.4260666666667,30.831,30.831,46.2975,15.3645,46.2975,15.3645,30.831,26.4260666666667,26.4260666666667,26.4260666666668
PI597949,4.5016,11.6496485714286,10.6086,12.84099,16.550685,10.6086,16.550685,10.6086,12.84099,10.7561425,10.7561425,11.6496485714285
PI552861,16.1939,23.0215744444444,12.10525,18.62380875,8.01660000000001,23.8549,12.6345566666667,23.8549,16.0218,26.567275,28.9547058333333,23.0215744444444
PI656082,17.49825,19.5435566666667,2.79432,14.5127088888889,1.87162000000001,38.2283,1.85604666666668,38.3447,14.29808,19.664585,19.5435566666667,19.5435566666667
PI656121,20.339065,18.483446,23.773315,18.7356075,25.7215,32.06089,26.8014266666667,32.06089,19.60233,19.0704475,19.5308458333334,18.483446
PI655974,9.86310000000003,12.045566,10.5247,12.5911825,NA,9.73020000000002,NA,8.42884333333333,17.4042,14.8905,14.4567144444444,12.0455660000001
PI655977,12.05626,12.9986885714286,9.38267999999999,8.82045333333333,6.70909999999998,NA,7.00125333333332,NA,9.38267999999999,18.9444866666667,18.5696688888889,12.9986885714285
PI533915,21.8958,19.3951666666667,20.6471,16.0652071428571,12.8355,11.1978,12.8355,11.1596166666667,16.8955333333333,20.43415625,20.4246104166667,19.3951666666667
PI533987,6.42089999999999,14.3433545454545,4.28209999999999,13.4822,2.09894999999997,4.44579999999999,2.09894999999997,21.8379,4.32188333333332,7.09866249999999,13.3229875,14.3433545454544
PI656000,40.4475,47.320619,48.5038,55.44884875,44.4065,52.6011,49.4040333333334,58.7803633333333,52.1754666666667,42.833525,45.6277241666667,47.3206189999999
PI656062,28.4304,28.4139125,27.25605,24.8886333333333,2.68334999999999,30.1594,2.68334999999999,30.1594,24.8886333333333,28.4139125,28.4139125,28.4139125
PI656058,20.13283,24.6713854545455,23.284615,29.43453875,6.50945000000002,20.13283,6.50945000000002,20.3855766666667,26.7899533333333,21.8944225,23.1578908333333,24.6713854545455
PI533810,18.5857,19.0404271428571,18.5857,19.86046,21.011145,13.2333,21.011145,13.2333,21.6859516666667,20.51205,20.51205,19.0404271428571
PI533985,18.6778,23.9372033333333,18.827,24.10096,18.827,23.6604,29.363,23.9823333333333,18.1302466666667,17.533885,23.9372033333333,23.9372033333333
PI656058,15.9532,17.41729,15.0231,12.6596988888889,15.9532,17.97603,13.2498766666667,19.96031,12.5738766666667,19.13702,19.2013866666667,17.4172899999998
PI656058,25.56985,25.1256383333333,29.8114,28.4930733333333,46.50831,29.8114,47.7784433333333,30.7066666666667,28.6080366666667,26.1436025,25.1256383333333,25.1256383333333
PI595718,46.4823,38.8938285714286,46.4823,38.8938285714286,8.85330000000002,46.818,8.85330000000002,46.818,36.1283666666667,36.1283666666667,36.4364555555556,38.8938285714285
PI656112,32.8654,39.6094314285714,54.03805,51.5252,NA,22.4053,NA,22.4053,51.5252,42.4314,42.25738,39.6094314285712
PI534116,8.16483,9.8746309,8.65133,9.40879857142857,7.67832999999999,8.65133,7.07500999999999,11.99041,8.33166333333332,8.1444725,9.67308075,9.87463090000001
PI656068,50.7642,56.1981614285714,50.7642,55.796366,43.7604,35.8101,43.7604,35.8101,52.4653216666667,53.64965375,53.64965375,56.1981614285716
PI656058,17.14605,15.5811433333333,18.6702,19.3681622222222,21.6518,13.58766,26.5696,10.5196533333333,17.9698866666667,14.382,15.5811433333333,15.5811433333334
PI533877,29.7554,35.5282491666667,45.2999,40.0743422222222,58.20872,6.00810000000001,50.73603,6.69676333333334,43.0425066666667,37.7581825,35.5282491666667,35.5282491666666
PI656048,34.5994,35.9726541666667,37.069,46.1149344444444,61.175,33.7853,63.1514333333333,34.3141,43.4579333333333,34.0333025,35.9726541666667,35.9726541666666
PI533940,57.0357,58.8028125,66.7966,68.72538,76.08515,66.7966,76.08515,63.8188666666667,71.440875,61.39745,60.7230722222222,58.8028125000004
PI534063,35.66589,37.9327683636364,31.330395,35.38105275,27.9949,39.529645,30.2103136666667,39.529645,32.6961483333333,34.76866125,38.0658414166667,37.9327683636363
PI597957,9.7893,19.6576942857143,9.7893,23.62012,32.4116,7.211,32.4116,7.211,26.1593333333333,22.0574075,22.0574075,19.6576942857143
PI629059,9.07091249999999,10.9875266666667,9.891435,12.863772,9.891435,11.5799725,9.891435,11.5799725,12.3683825,9.677861875,9.677861875,10.9875266666666
PI656110,11.6758,12.2247214,14.06485,13.674963375,17.2389,16.2939,16.4097,15.540769,13.43565,11.682675875,11.287093125,12.2247213999997
PI656071,19.8425,23.8032427272727,18.54525,19.2621125,9.2911,20.86145,11.608,20.86145,16.05535,20.5027625,23.5580933333333,23.8032427272727
PI533794,28.4266,34.547642,32.869405,36.0779025,60.96265,11.193155,60.96265,11.193155,36.0779025,33.5274683333333,33.5274683333333,34.547642
PI533754,34.1989,36.0216466666667,41.0063,39.25364,50.0658,23.0928,54.5048333333333,25.1534066666667,36.8952666666667,30.212875,31.837785,36.0216466666667
PI656086,32.35605,35.68398125,32.4924,35.225358,32.4924,NA,33.833,NA,34.9031475,30.8639516666667,35.8650827777778,35.6839812499999
PI656071,28.0371,25.8535322222222,26.72165,22.8700333333333,30.7026,21.29945,23.9602,21.29945,24.91425,25.6949625,24.95522,25.8535322222222
PI533869,29.5354,22.1624181818182,30.1616,25.7103875,29.9606,30.02,20.4059,30.02,30.4110666666667,27.1204,22.8172166666667,22.1624181818182
PI576347,18.8592,23.9542388,25.7447,28.1981555,14.36405,24.1733,14.36405,24.9468146666667,24.0631166666667,19.7919805,21.7404175,23.9542388
PI656070,20.54157,20.2685116666667,20.40407,18.4603711111111,11.644432,12.6068,11.4115006666667,13.4550233333333,17.1974106666667,18.213008,20.2685116666667,20.2685116666667
PI656069,14.06175,18.0304166666667,13.166,17.6081111111111,11.3668,11.2678,18.3454,13.1196666666667,12.5307,13.832675,18.0304166666667,18.0304166666667
PI533987,31.9373,36.462,35.9986,41.2801,31.9373,34.60035,34.3243333333333,34.60035,47.3481833333333,38.6720625,42.8143458333333,36.462
PI561072,6.3493,5.76333333333333,6.7403,6.7403,7.13130000000001,NA,7.13130000000001,NA,6.7403,5.76333333333333,5.76333333333333,5.76333333333335
PI656075,30.5147,27.6530636363636,33.38345,32.6435875,48.758,33.77995,41.8994666666667,33.77995,37.9436166666667,32.1208875,28.1636375,27.6530636363636
PI656106,7.89320000000004,14.1614454545455,7.33655000000002,14.95155,7.89320000000004,2.37100000000004,25.658,3.31210000000002,8.87175000000003,8.76056250000001,14.3439125,14.1614454545454
PI656104,12.82258,20.3037236363636,22.04434,25.6448975,38.2712,7.066,28.8462,12.08716,28.8389166666667,22.9346875,22.0433758333333,20.3037236363636
PI329435,14.1926,14.3449033333333,14.0074,13.6896911111111,8.22179999999997,22.8651,7.0961,19.63754,15.1549,16.440025,14.3449033333333,14.3449033333334
PI534138,55.524,53.73482,55.7661,53.411525,60.6168,60.5602,54.8668333333333,59.7239,54.3123333333333,54.49125,52.8446833333333,53.73482
PI656106,19.3367,20.256975,11.1877,15.4790333333333,7.7637,NA,7.7637,NA,13.5502,20.5637333333333,20.5637333333333,20.2569749999999
PI534124,7.28035999999999,11.02043,7.28035999999999,11.02043,20.17922,NA,20.17922,NA,11.02043,11.02043,11.02043,11.0204300000001
PI576352,27.6373,34.2761811111111,39.1515,39.7615328571428,36.3806,18.0489,36.3806,23.8654766666667,40.4720166666666,34.123375,35.5775191666667,34.276181111111
PI576352,37.22133,44.3754642857143,37.22133,44.3754642857143,34.32876,47.0862,34.32876,51.2741766666667,37.20024,37.20024,42.1428633333333,44.3754642857142
PI597965,10.29715,11.40125,17.4874,12.3103666666667,17.4874,1.88940000000002,14.8350566666667,7.31583333333333,12.6541,11.606475,11.40125,11.40125
PI533967,13.1921,20.24432,15.3621,22.5785,11.98015,48.8216,11.98015,48.8216,26.1112833333333,22.3103625,22.3103625,20.24432
PI576352,16.91625,39.13414,47.6071,49.2055714285714,59.8108,15.752,59.8108,15.7368666666667,54.7887333333333,45.2697,44.9963,39.1341399999999
PI656075,22.92405,29.0827583333333,16.5605,26.2151777777778,12.498,16.0813,9.80406666666666,15.3692666666667,28.8198,30.982825,29.0827583333333,29.0827583333333
PI597950,6.2842,10.1417566666667,5.65153500000001,9.05588500000001,23.35037,5.65153500000001,23.35037,5.65153500000001,10.1906683333333,10.72137625,10.72137625,10.1417566666666
PI655992,13.0871,19.9406363636364,15.3376,22.537675,17.5881,13.0871,21.3809,14.7693,22.2002,18.60165,21.2727,19.9406363636363
PI534046,6.58568,8.33737875,9.61098,9.82897333333333,10.006735,2.77473499999999,10.006735,2.77473499999999,9.82897333333333,8.33737875,8.33737875,8.3373787500001
PI597982,17.4286,27.5618444444444,17.4286,26.3288714285714,25.8739,6.83529999999996,25.8739,6.41749999999998,29.7867,30.3093375,30.2048875,27.5618444444444
PI656104,5.669425,11.6927875,9.06907500000001,14.9291333333333,9.06907500000001,3.26524999999999,9.06907500000001,3.26524999999999,14.9291333333333,11.6927875,11.6927875,11.6927875
PI533830,23.46805,32.85135,27.2283,37.2325333333333,27.2283,18.5723,27.2283,18.5723,37.2325333333333,32.85135,32.85135,32.8513499999999
PI597958,38.5535,36.18704,38.5535,36.18704,24.48945,82.264,24.48945,82.264,43.8665333333333,43.8665333333333,43.8665333333333,36.1870400000001
PI534021,9.55018499999998,12.3013783333333,9.46879999999999,9.60602666666666,2.41875000000002,19.2668,4.35737333333333,15.3871666666667,10.43904,12.85448,12.3013783333333,12.3013783333333
PI564165,60.30865,57.8486,74.494,61.7570333333333,NA,54.23735,NA,54.23735,65.516875,59.05235,59.05235,57.8486000000001
PI534127,20.923714,19.318924,22.6104,20.36904,3.91149999999999,30.0018,5.13016333333332,31.4868333333333,21.0009333333333,20.559957,19.318924,19.3189240000001
PI533903,21.26657,28.87221625,21.26657,21.388915,13.945895,9.11439999999999,13.945895,9.11439999999999,17.129865,25.67792875,26.2062120833333,28.87221625
PI597949,15.2955,22.1048222222222,11.799,16.3946428571429,12.928265,11.2353,12.928265,11.2353,13.1530216666667,20.38737875,22.0997845833333,22.1048222222222
PI597949,12.0285,12.9539832333333,13.6337,15.8104332666667,28.3403,1.89389939999998,23.2406,5.73209979999999,16.2351664666667,12.9033497,12.9539832333333,12.9539832333333
PI533986,19.8699,27.8991618181818,31.95637,33.1891475,35.44424,13.88224,31.5972466666666,15.16158,37.3149433333333,31.6948325,30.7924275,27.8991618181818
PI656071,18.82305,19.1719916666667,19.5767,21.7633888888889,21.2922,18.9896,20.6747333333333,19.0544666666667,21.7131,19.132725,19.1719916666667,19.1719916666666
PI533976,27.1517,35.1084888888889,25.5592,28.8352428571429,26.35545,18.8452,26.35545,20.7362,29.55475,36.432275,36.905025,35.1084888888889
PI597958,22.3299,29.823088,15.63922,13.4520466666667,NA,22.3299,NA,22.3299,15.67151,28.5742233333333,28.5742233333333,29.823088
PI533936,24.647035,23.36879625,16.95605,18.8974166666667,20.28005,37.3602,20.28005,37.3602,22.39875,25.99479625,26.56114625,23.36879625
PI548797,41.098,39.8001755555555,30.414895,35.4283225,17.98079,65.00575,29.1091633333333,65.00575,34.2394433333333,44.3733325,47.7297775,39.8001755555556
PI533792,35.10061,35.8433634285714,32.733957,25.6873954,NA,33.9172835,NA,33.9172835,26.30274175,37.9462556666667,38.4504567777778,35.8433634285714
PI656077,11.53815,15.59639,11.53815,15.937575,13.0907,12.8068,27.5655,9.22416666666668,11.4877666666667,12.1737375,14.8967791666667,15.59639
PI656003,61.1712,58.8324142857143,61.7985,61.1933833333333,54.0822,NA,55.6267333333333,NA,59.63465,54.6453,55.6844555555555,58.8324142857141
PI533903,26.12188325,28.1095518333333,21.425551625,25.6702208125,21.425551625,44.0232,21.425551625,45.8986,24.5165105416667,30.29343290625,30.8049931770833,28.1095518333334
PI597946,31.40855,27.602336,28.99045,26.6507825,24.987735,9.84482,24.987735,21.90543,24.7824183333333,26.43895125,27.7016370833333,27.6023360000001
PI597972,29.85025,40.24194,23.0359,31.492928,21.8461,23.0359,24.21838,23.0359,35.5518666666667,47.66065,48.25372,40.24194
PI595744,35.7912,38.7931025,34.1844,32.1095171428572,28.81,39.1111,28.81,35.0063933333334,34.0351666666667,46.920925,44.9267683333333,38.7931025000001
PI534137,6.87968999999998,15.2162842857143,6.644195,12.1539983333333,6.87968999999998,35.963,8.84659666666666,35.963,16.0177633333333,20.4108225,20.9025491666667,15.2162842857143
PI597950,31.0302,40.1546727272727,40.4365,48.8306375,46.5587,20.4445,55.6044,22.274,48.5027166666667,40.6206625,43.3505291666667,40.1546727272727
PI533924,9.3826,14.2414,7.33760000000001,8.69427999999999,0.815609999999964,5.4819,0.815609999999964,5.4819,7.38116833333332,12.56317625,12.56317625,14.2414
PI585291,6.25435,18.29562375,6.74690000000001,20.4413685714286,5.76179999999999,23.61215,20.4125966666667,23.61215,15.562565,12.49077625,16.1534754166667,18.2956237500001
PI656119,50.6365,46.3659,55.0641,54.18296,50.6365,3.75580000000002,50.6365,3.75580000000002,45.7784333333333,36.153975,36.153975,46.3658999999999
PI656108,23.2409,34.3806818181818,32.1804,38.164775,58.63345,23.2409,58.63345,32.1586666666667,34.8186166666667,30.9697375,36.4017458333333,34.3806818181818
PI533964,16.990913,25.3940896,22.9843,31.665618,16.643226,22.9843,35.2398753333333,22.9843,22.2538086666667,19.183599,24.992458,25.3940896
PI533852,24.3624,33.57838,35.0538,44.0632333333334,74.4565,28.8666,74.4565,28.8666,51.66155,40.3914,40.3914,33.5783800000001
PI656071,17.4138,18.6726,23.0522,21.6895833333333,26.6861,21.445,26.6861,16.4005,25.2316333333333,22.176475,20.8222583333333,18.6726
PI656089,37.46007,31.462888,10.66638,22.2549285714286,4.33913999999999,6.44299999999998,4.33913999999999,6.68912666666665,17.6715133333333,27.12348,26.9422633333333,31.462888
PI597976,46.8205,46.69462,43.964,46.3632444444444,34.715,11.4022,44.4283666666667,32.8581666666667,35.3549,38.935425,47.1916833333333,46.6946200000002
PI656075,50.3405,53.6497333333333,50.1944,50.989125,50.3405,17.77065,60.6922333333333,17.77065,44.97015,52.4612625,54.2072875,53.6497333333333
PI656009,15.86337,23.0416671428571,12.9301,23.1926,45.29375,7.66229999999999,45.29375,8.4585,26.478025,25.206795,25.472195,23.0416671428572
PI533758,35.61135,40.5953283333333,35.5962,41.589094,29.7728,38.582085,29.7728,38.582085,39.6197116666667,38.62140875,38.62140875,40.5953283333334
PI656118,10.2862,23.4963216666667,12.64633,29.2258844444444,12.64633,3.91732999999999,15.3234433333333,5.87457666666667,29.69442,24.18049,23.4963216666667,23.4963216666667
PI533955,17.66953,19.2443333333333,12.49834,14.1974271428571,18.13327,4.86724999999998,18.3507133333333,4.86724999999998,11.8329533333333,18.10184125,18.3201670833333,19.2443333333333
PI533962,26.716,34.1968211111111,26.716,35.7468414285714,47.6166,39.7688,47.6166,43.9749633333333,32.9734333333333,31.9230125,32.9745533333333,34.1968211111112
PI533997,32.28745,35.4774583333333,35.802,40.2073777777778,35.802,23.9971,38.4653666666667,24.9160666666667,39.6934,35.176325,35.4774583333333,35.4774583333333
PI534037,44.152,46.161902,45.021,47.40398,45.96535,41.27503,45.96535,41.27503,47.3285933333333,45.59951,45.7382833333333,46.1619019999999
PI656087,26.666,26.119864,26.666,26.119864,NA,13.5799,NA,13.5799,24.80756,24.80756,24.02987,26.119864
PI534148,20.23595,30.7208833333333,23.8776,34.0097,23.8776,NA,34.0097,NA,23.8776,19.2906,30.7208833333333,30.7208833333333
PI533842,15.3784,29.00259225,18.7211,31.906234,40.2178,36.34945,40.2178,36.34945,29.5343166666667,24.3200125,27.161849,29.00259225
PI533792,18.01119,19.50707,18.01119,19.50707,NA,37.6296,NA,37.6296,27.09265,27.09265,25.5479133333333,19.50707
PI595744,43.5129,56.8949333333333,43.5129,56.8949333333333,84.0673,NA,84.0673,NA,63.688025,63.688025,63.688025,56.8949333333333
PI534097,17.935405,25.6118775,16.695405,19.6253911111111,16.695405,13.34821,18.5803683333333,16.9524366666667,16.40634,19.5055575,25.6118775,25.6118775
PI656075,55.1384,54.9449895454545,57.2074,56.08508375,70.9709,62.27515,73.2532,62.27515,54.23315,53.9650125,55.55583625,54.9449895454544
PI597952,17.2831355,21.0924365,17.2831355,21.0924365,17.0006355,25.4561,17.0006355,34.32575,18.9566355,18.9566355,20.6377919444444,21.0924365000001
PI656005,57.22665,57.22665,57.22665,57.22665,57.22665,NA,57.22665,NA,57.22665,57.22665,57.22665,57.2266499999994
PI656061,7.16800000000003,7.73144200000001,7.03852000000002,7.27662750000001,7.514735,7.16800000000003,7.514735,7.16800000000003,7.19725833333335,7.78561875000001,7.78561875000001,7.7314420000002
PI656112,17.8124,17.8455511111111,16.0066,13.0058857142857,10.18915,10.77205,10.18915,10.77205,13.2756666666667,18.652845,18.0296283333333,17.8455511111111
PI534046,13.7747,28.5347711111111,26.77085,36.3141766666667,NA,1.7962,NA,2.80584666666668,36.62801,29.01024,28.5347711111111,28.5347711111111
PI659753,21.2914,16.7671727272727,22.6582,19.5213222222222,23.9972,29.1002,24.7684333333333,28.2340333333333,19.3626666666667,15.615375,15.7343666666667,16.7671727272728
PI656118,31.9635,37.5735181818182,30.10665,24.80088875,30.4484,45.926495,30.7256,45.926495,26.650265,39.33402375,38.2695995833333,37.5735181818182
PI533821,26.647,36.7845014285714,26.647,31.441758,10.5486,69.9998,10.5486,69.9998,35.7318,39.33419,39.0608058333333,36.7845014285714
PI576350,17.1446,28.5533666666667,39.9686,37.7190966666667,57.3718,13.36195,57.52125,17.9169433333334,35.366875,26.8671833333333,28.5533666666667,28.5533666666667
PI534054,78.1962,70.4961532,66.150333,67.5202415,69.247433,53.3899,69.247433,53.3899,66.944511,70.80833325,70.80833325,70.4961531999999
PI533910,30.9177,31.4837325,26.7443,28.4375333333333,NA,35.0911,NA,35.0911,30.100925,33.60806,33.60806,31.4837325
PI576387,21.0731605,29.4334642,45.9404,37.190403,45.9404,16.0236605,38.7612333333333,16.0236605,39.3216535,31.632565125,30.5299335416667,29.4334642
PI534114,11.49165,14.7884583333333,10.5765,15.3193,10.5765,5.6968,8.10683333333335,4.72916666666669,16.1684,16.261575,14.7884583333333,14.7884583333333
PI533949,9.15488000000002,24.23656,7.42674000000001,7.42674000000001,5.6986,9.15488000000002,5.6986,9.15488000000002,7.42674000000001,24.23656,24.23656,24.2365600000001
PI534101,17.6756,28.498154,17.6756,28.266105,13.8537,13.5831,13.8537,11.22268,24.5869333333333,25.7967875,27.3551325,28.498154
PI656094,16.3668,26.4678366666667,16.3668,21.2028185714286,16.3668,3.5517,15.4501433333333,3.5517,22.46715,28.0742125,27.8450483333333,26.4678366666666
PI656044,32.9976,33.245125,23.2418,32.9015111111111,13.8304,7.73089999999999,32.4928,29.1655666666667,21.4382333333333,27.8517,33.245125,33.245125
PI656019,16.3392,34.4626222222222,16.3392,29.7038142857143,7.45455,16.3392,7.45455,34.4722,22.86475,29.928175,34.461425,34.4626222222222
PI534099,35.5454,30.85715,33.1617,29.1466142857143,25.1304,35.5454,28.7466,35.5454,28.0078833333333,31.7136375,32.6176875,30.8571499999999
PI656102,39.5801,37.695873,44.3413,42.3097164285714,46.58395,30.274506,46.58395,37.015405,40.9451353333333,36.87267875,39.1266358333333,37.6958730000001
PI576352,26.5089,23.9370142857143,23.4651,23.1090333333334,20.9601,28.63495,20.9601,28.63495,23.1090333333334,24.558,24.558,23.9370142857143
PI533903,11.015715,15.742156,12.21375,18.22326625,9.68699999999998,11.015715,9.98743333333334,11.015715,17.4909716666667,14.5726575,14.5212491666667,15.742156
PI533830,18.89325,25.708625,31.7136,33.6110333333333,NA,31.7136,NA,33.6110333333333,31.7136,16.8575,17.8062166666667,25.7086249999999
PI576393,23.47892,23.1313916666667,22.26564,22.9507222222222,30.5896,28.7855,27.2913533333333,27.1903466666667,25.7757,25.504825,23.1313916666667,23.1313916666667
PI656081,37.1069,40.2687583333333,47.8896,47.3606666666667,47.8896,31.6791,42.0440333333333,35.2842,50.8974333333333,42.654675,40.2687583333333,40.2687583333333
PI576387,59.3782,56.5975444444445,56.3096,57.9168833333333,62.11965,46.2756,62.11965,46.2756,55.9244833333333,57.4069625,55.3373958333333,56.5975444444444
PI597966,23.82123,19.8086690909091,9.58084999999998,14.75924125,7.2303,23.82123,13.0991,21.8836433333333,12.5381266666667,17.51622,18.7048508333333,19.8086690909091
PI576396,14.22895,16.278911,11.32905,14.824575,6.01079999999999,2.4162,6.01079999999999,4.82196666666667,13.9565666666667,15.99148875,15.90801375,16.278911
PI656036,28.7321,34.4448,49.01865,49.01865,69.3052,28.7321,69.3052,28.7321,49.01865,34.4448,34.4448,34.4448000000001
PI655997,57.894,58.9586636363636,60.77325,59.55895,66.0859,51.2856,61.6801,53.0711666666667,61.1601333333333,57.463725,59.5545166666667,58.9586636363638
PI597946,21.438155,26.4983183333333,21.06661,28.6659577777778,21.06661,2.52170000000001,21.72517,2.73933666666667,28.9909366666667,27.1956275,26.4983183333333,26.4983183333333
PI613536,73.03495,69.1981333333333,76.9204,74.682325,72.44425,79.24,72.44425,79.24,75.42835,71.1287,71.1287,69.1981333333334
PI533766,30.51605,34.5933083333333,22.3716,35.0450333333334,21.896,12.9974,36.4619666666667,12.8325,31.4505333333334,32.430475,34.5933083333333,34.5933083333334
PI533956,10.7289,12.2942458333333,11.6857,13.8563955555556,11.6857,8.01329999999996,12.01766,5.80685999999999,13.4788333333333,10.905655,12.2942458333333,12.2942458333333
PI533752,13.6055,24.452375,13.6055,20.354,20.44385,29.7523,20.44385,29.7523,20.354,24.452375,24.452375,24.452375
PI656037,10.164265,12.11655,9.46869999999998,11.7339655555555,5.86630000000002,9.46869999999998,5.41501000000001,8.62347666666666,12.2229433333333,13.0540225,12.11655,12.1165499999999
PI576394,41.524355,39.83601,44.25368,41.331075,21.07484,54.332045,21.07484,54.332045,41.331075,39.83601,39.83601,39.83601
PI534123,61.465,56.9270577777778,61.58045,61.3291033333333,58.80845,61.465,58.80845,61.6422066666667,61.9015166666667,58.2453625,58.5011808333333,56.9270577777779
PI533954,13.81696,25.6730222222222,28.0493,31.6967714285714,29.10752,13.81696,29.10752,34.38762,24.39141,19.4410325,24.5836975,25.6730222222223
PI533759,20.52513,17.61027,20.52513,17.61027,7.82786000000002,25.3785,13.0505866666667,20.10768,17.9104966666667,17.9104966666667,17.61027,17.61027
PI533996,25.48585,27.08593,26.3675,30.953872,26.3675,12.33835,26.3675,12.33835,30.1894766666667,24.5786625,24.5786625,27.08593
PI656026,35.1205,42.7028,17.5464,40.70444,43.41765,17.3441,43.41765,17.3441,47.5868166666667,48.8637625,48.8637625,42.7028
PI534009,38.111,33.5570133333333,42.4536,39.2896857142857,43.8828,41.02495,51.2012333333333,41.02495,34.86495,29.5218775,31.3514858333333,33.5570133333333
PI659695,13.868884,18.391217,17.919268,22.5378072,10.900934,19.056384,10.900934,19.056384,27.5772393333333,21.1610545,23.5529878333333,18.391217
PI597950,12.0109,15.2580290909091,11.896355,14.543465,13.2719,11.78181,10.1656833333333,24.57489,10.3722366666667,12.6714025,14.4917766666667,15.258029090909
PI533961,29.82985,26.6395683333333,25.4676,24.405582,9.682855,43.0025,9.682855,43.0025,27.5050683333333,30.08117625,30.08117625,26.6395683333333
PI656008,8.58815,9.68817,10.9098,12.0317142857143,9.2636,12.1362,9.25626666666667,15.1811333333333,10.7698666666667,9.134425,9.891775,9.68817000000007
PI656055,42.6665,40.4161857142857,44.19925,44.717525,58.83735,42.6665,58.83735,42.6665,40.0109166666667,35.5025625,38.6784541666667,40.4161857142855
PI576390,50.5629,49.456545,44.8214,48.1731214285714,54.2219,71.5103,54.2219,71.5103,52.1606,54.78325,51.6914708333333,49.4565450000001
PI656058,58.0328,57.12722,65.4624,64.141275,65.4624,44.4594,65.4624,44.4594,63.7009,55.043425,55.043425,57.1272200000001
PI595702,53.6865,54.116824,57.6909,55.0135528571429,67.3583,54.998885,65.2552333333333,54.998885,54.0076283333333,49.81988875,52.98606875,54.116824
PI656060,20.12185,21.8540958333333,22.2329,22.5377722222222,23.1184,9.73040000000003,25.0697666666667,12.8406666666667,21.3697333333334,20.926375,21.8540958333333,21.8540958333333
PI659696,31.8065055,40.3997052,44.102,49.715746,39.8695055,36.5451,39.8695055,45.9128036666667,47.2270018333333,39.789926375,42.4277464583333,40.3997052
PI533912,19.7653,26.4686644444444,28.3374,29.03086,31.53676,16.48303,36.4571533333333,16.48303,26.1530133333333,23.990005,25.2201033333333,26.4686644444444
PI656034,33.96695,32.590625,34.199,36.7076333333333,42.189,34.199,42.189,34.199,36.7076333333333,32.590625,32.590625,32.590625
PI533957,60.46185,54.85870625,68.495,62.14422,63.9972,72.8202,56.4686333333333,72.8202,68.4374666666667,62.6640625,60.1250041666667,54.8587062500003
PI576380,25.80475,30.77762375,32.894,34.7018666666667,31.7017,NA,33.7726666666667,NA,32.894,28.2642983333333,29.4695427777778,30.77762375
PI533956,22.36169,26.8276951428571,13.10114,27.4237992,47.33207,17.17098,47.33207,17.17098,24.2053153333333,24.48834525,24.48834525,26.8276951428571
PI642791,25.86565,27.35985,25.804,27.5645,38.4904,28.51635,37.9339,28.51635,26.0217666666667,25.99815,25.859025,27.35985
PI656100,10.12159,25.7488433333333,6.57062,14.548845,4.42112,4.66584,4.42112,4.66584,17.9247533333333,25.480775,25.480775,25.7488433333333
PI656105,11.556665,24.731461,5.85182,17.8442157142857,34.6661,3.59463,37.21451,3.59463,13.6828766666666,14.9050825,21.2086558333333,24.731461
PI542406,57.51935,55.230025,58.3154,58.2176666666667,56.7233,59.6143,56.7233,59.6143,58.2176666666667,55.230025,55.230025,55.2300250000004
PI597973,44.74235,42.6080833333333,44.74235,42.6080833333333,44.74235,21.3574,44.74235,35.6255333333333,41.79565,41.79565,46.5516944444444,42.6080833333333
PI533940,41.9838,42.278375,55.2315,49.0547,62.5613,32.21705,60.2798,32.21705,47.389175,39.3850833333333,41.16045,42.2783749999999
PI656058,15.91313,23.3655527272727,13.082815,18.5635975,3.48781000000002,15.91313,5.06448000000001,14.3051466666667,21.53363,22.0233975,25.1850858333333,23.3655527272728
PI576387,13.0249,12.746208,13.0249,12.84111,9.87009499999999,15.1543,9.87009499999999,13.0787633333333,12.7516316666667,12.65537375,12.4748979166667,12.746208
PI534117,11.778056,13.0559308571429,8.748603,13.1400526666667,NA,27.9334,NA,22.6890986666667,16.357585,15.08879,12.9437684444444,13.0559308571429
PI533965,8.77751000000002,13.29887375,10.238655,16.0185366666667,10.238655,7.79601000000002,10.238655,9.28207000000001,21.9407883333333,17.7405625,18.1120775,13.29887375
PI585295,19.2803,23.1062977777778,11.70809,14.7839114285714,11.70809,8.24779999999998,11.6151966666667,13.9295966666667,15.6029633333333,24.760885,26.1581108333333,23.1062977777778
PI533902,6.12619999999998,9.03190166666666,5.97649999999999,6.25886222222222,4.23150000000001,5.76049999999998,5.0051,5.92958666666666,5.42263333333332,9.10162499999999,9.03190166666666,9.03190166666663
PI576366,14.86195,15.27345,15.1693,15.41722,10.81081,21.8897,12.2017366666667,21.8897,17.0972333333333,16.461575,16.8093066666667,15.2734499999999
PI642793,18.4809,18.9807714285714,18.4809,20.794846,28.239065,9.959,28.239065,9.959,21.9253883333333,20.0554375,20.0554375,18.9807714285714
PI656071,35.6563,39.77165,27.6984,30.2824,34.97485,26.88195,34.97485,26.88195,29.8517333333333,44.193275,44.193275,39.77165
PI576422,20.3789,15.95690375,22.1211,18.13879,11.8496,22.705015,13.6012333333333,22.705015,18.3111716666667,13.90430375,14.3422120833333,15.95690375
PI597946,12.38399,13.6491875,12.38399,13.6491875,10.8033,NA,10.8033,NA,12.38399,12.38399,12.7005583333333,13.6491874999999
PI533807,21.63055,19.428897,9.37284,17.0723285714286,8.15616,23.51855,10.6140366666667,23.51855,17.3294183333333,19.07255625,19.8434220833333,19.428897
PI656011,45.3306,44.12759,39.3528,39.823546,37.916105,41.96636,37.916105,41.96636,39.7450883333333,43.53074125,43.53074125,44.12759
PI595741,6.548,9.81356666666666,14.24,14.24,6.548,NA,6.548,NA,14.24,9.81356666666666,9.81356666666666,9.81356666666667
PI656104,10.69055,16.3391833333333,13.3359,18.6991,4.96960000000001,6.70860000000002,10.3733,8.77160000000001,14.2054,12.998025,16.3391833333333,16.3391833333333
PI542406,21.073365,19.2861391666667,21.1516,22.2279344444444,22.12771,21.1516,19.55998,23.7870466666667,21.4248133333333,17.9791625,19.2861391666667,19.2861391666667
PI642791,17.99269,21.4004601818182,16.049266,19.1664995555556,17.99269,14.5483,17.97133,14.5600653333334,20.4404633333333,23.19366825,22.2381954166667,21.4004601818182
PI533785,27.9048,24.4337609090909,29.25874,27.52977125,27.9048,27.624795,24.3379,27.624795,28.6206916666667,25.86096875,24.6996804166667,24.4337609090909
PI533852,79.9868,71.5022475,86.4909,73.40056,65.82955,74.4264,65.82955,74.4264,75.5822833333333,75.0573875,73.7713108333333,71.5022475000001
PI656100,37.0328,38.9905142857143,52.10565,53.393725,72.3308,37.5357,72.3308,47.0813666666666,54.93325,44.4634,46.3994666666667,38.9905142857143
PI534112,45.9004,42.2591857142857,50.75065,44.0839833333333,4.68314999999998,76.81815,4.68314999999998,76.81815,44.0839833333333,40.8905875,40.8905875,42.2591857142858
PI629059,13.0399,15.1785290909091,13.06655,13.834845,13.0399,10.487,12.2854366666667,11.5119533333333,14.390065,13.00955375,15.5505929166667,15.1785290909091
PI533871,9.71912999999999,9.71912999999999,9.71912999999999,9.71912999999999,9.20349999999999,NA,9.20349999999999,NA,9.71912999999999,9.71912999999999,9.71912999999999,9.71912999999994
PI656109,15.00817,18.14511,23.49474,22.0196133333333,42.424,0.14009999999999,42.424,0.14009999999999,22.0196133333333,18.14511,18.14511,18.14511
PI576373,20.070115,29.7553533333333,14.68509,22.3962933333333,12.31273,55.0419,12.4815733333333,41.75781,25.9409066666667,32.41438,29.7553533333333,29.7553533333333
PI576373,43.7292,41.4571363636364,30.5719,33.06695,28.64352,46.3584,27.9199666666667,46.5243,31.8677733333333,40.18413,39.7191583333333,41.4571363636364
PI534163,17.01196,19.784874,23.42332,23.06823,10.96268,25.32321,20.46816,25.32321,19.90307,18.6703025,20.70793,19.784874
PI656112,18.9014,17.90377,18.9014,15.5256,0.838099999999997,26.8373,0.838099999999997,26.8373,15.5256,17.90377,17.90377,17.90377
PI597946,17.75524,26.0534775,24.0862,30.8913511111111,24.0862,14.61018,23.17736,14.1328266666667,30.1056933333333,25.29766,26.0534775,26.0534775
PI656058,10.0391,12.0686575,6.65399999999998,7.81764333333333,14.023115,2.82101499999999,14.023115,2.82101499999999,7.81764333333333,12.0686575,12.0686575,12.0686575
PI533991,10.877089,16.3798264444445,10.877089,18.0450141428571,30.1742,8.74866950000002,23.4404866666667,8.74866950000002,19.3903398333333,17.18067225,15.4972439166667,16.3798264444445
PI656014,22.6043,30.43795,23.3968,38.0495666666667,23.3968,21.8118,23.3968,21.8118,38.0495666666667,30.43795,30.43795,30.43795
PI656006,30.2181,35.4126036363636,20.8052,21.91573,13.8737,39.5012,16.6741333333333,39.5012,21.5981666666667,37.26645,35.75332,35.4126036363636
PI656093,24.7214,23.5974088888889,15.54202,19.9556128571429,26.7609,15.54202,26.7609,21.52291,17.7007666666667,22.36149875,23.85672125,23.5974088888889
PI656108,37.846,43.0416166666667,29.94584,42.500708,44.17045,25.76577,44.17045,25.76577,47.52244,47.07837,47.07837,43.0416166666666
PI534105,30.9633,30.0767966666667,28.1613,23.9515622222222,28.1613,33.703,28.16396,34.9191666666667,22.109,28.475,30.0767966666667,30.0767966666667
PI576339,18.0364,36.3969028571429,12.5264,23.44196,12.1609,64.5341,12.1609,64.5341,30.29065,39.9140525,39.9140525,36.3969028571429
PI533800,47.2783,43.9381,43.2719,41.4892333333333,57.3829,NA,57.3829,NA,33.5424,39.4565,39.4565,43.9381
PI597946,15.597585,17.15092,12.5573,17.5928322222222,12.5573,20.625,13.4180566666667,21.6566166666667,13.5754333333333,15.192075,17.15092,17.15092
PI659695,20.3473,19.45546,18.7194,18.471775,14.79985,17.9881,14.79985,21.6345666666667,18.1154166666667,19.4341125,19.3953875,19.45546
PI576401,21.0422,24.3361777777778,18.1678,17.4843428571429,22.1011,27.25545,15.2865,27.25545,20.1221833333333,27.1710375,25.4673875,24.3361777777778
PI534079,18.35125,16.02922,19.5176,19.3982857142857,33.8359,19.5176,24.2489666666667,19.5176,24.0665333333333,18.9162,16.6106166666667,16.02922
PI656004,9.98371499999999,12.0562566666667,7.48969700000004,7.82864111111111,4.69030299999997,8.64419999999998,5.85217566666664,10.7539686666667,6.9414,11.2026525,12.0562566666667,12.0562566666665
PI533919,13.6871,18.1245944444445,16.05642,18.8729383333334,34.03015,3.99074500000002,34.03015,3.99074500000002,18.8729383333334,17.57647875,18.3116804166667,NA
PI533919,NA,NA,NA,NA,NA,NA,NA,NA,NA,NA,NA,18.1245944444446
