SNP,CHROM,POS,EFFECT,SE,P,cam4_pam
Chr01_30927155,1,30927155,-3.36771070177612,0.62067556554086,1.37398057030017e-09,0.01
Chr01_38007069,1,38007069,8.68154796811607,1.4783024815497,1.2502010255189e-10,0.01
Chr01_61098389,1,61098389,7.58083610518596,1.38989207870995,3.94036501546401e-09,0.01
Chr01_62658795,1,62658795,6.86779304267903,1.31863827400849,1.47663457322005e-09,0.01
Chr01_67658088,1,67658088,4.16377432247051,0.669934227408836,3.73052705307577e-09,0.02
Chr01_77557763,1,77557763,-3.39275978939193,0.630838934733505,1.51263360162307e-09,0.01
Chr02_1956424,2,1956424,4.5947203298773,1.01192775402536,1.17133140360566e-08,0.01
Chr02_53726008,2,53726008,7.68828250056172,1.23422605094256,1.82348191407445e-09,0.06
Chr02_6935732,2,6935732,4.44042884781142,0.901056547381645,6.61867405289038e-09,0.01
Chr02_70797095,2,70797095,-4.65984198666296,0.807360875081265,2.01476824137227e-10,0.01
Chr03_46190825,3,46190825,7.96873429619138,1.36550174706659,2.62651269474907e-10,0.01
Chr03_51282360,3,51282360,6.29676200740566,0.900623232839322,7.52153709354248e-13,0.02
Chr03_63717533,3,63717533,-4.7580080221381,1.01955997027477,2.21817861583848e-09,0.01
Chr03_65426795,3,65426795,7.60963091766692,1.38182207770758,1.70215717821878e-09,0.01
Chr04_33328212,4,33328212,7.20388675480274,1.15418240496252,1.62852718876337e-11,0.01
Chr04_61602245,4,61602245,7.75002414157574,1.17720873674932,1.87121679924072e-14,0.01
Chr04_67875833,4,67875833,3.47728093805515,0.640931024752923,1.00191624487078e-09,0.01
Chr05_12109370,5,12109370,8.30898152960217,1.36300098488602,2.24666081271722e-09,0.05
Chr05_2250751,5,2250751,3.71954509315301,0.578946116253429,2.76203945721885e-12,0.01
Chr05_61804289,5,61804289,3.43027224671395,0.673088667640376,6.45138762475806e-09,0.01
Chr05_65730950,5,65730950,7.17278590199531,1.06852884897071,1.46035595644359e-12,0.01
Chr05_69545494,5,69545494,7.0396132637487,1.45448462655157,7.63482224163768e-09,0.01
Chr05_8847754,5,8847754,3.8549834225512,0.662648340413979,1.35755434675356e-10,0.01
Chr06_27742855,6,27742855,-8.35005083725618,1.38447465421036,4.3910518107166e-11,0.01
Chr06_40850953,6,40850953,7.9753751470687,1.20128013135414,2.35580631332756e-13,0.01
Chr06_41081472,6,41081472,6.62109644403665,1.24922503346956,1.56616692333105e-09,0.01
Chr06_41246266,6,41246266,6.31780103303469,1.11596122154067,7.16687972967709e-11,0.01
Chr06_60882437,6,60882437,-3.10917194927111,0.684498545449863,1.12339943149139e-08,0.01
Chr07_3223684,7,3223684,7.14813478316055,1.42207620060399,6.68506302292379e-09,0.01
Chr07_61096987,7,61096987,8.22289498956242,1.31979833406107,2.19967769356785e-11,0.01
Chr07_61167304,7,61167304,7.48907097809339,1.10351785225239,7.09768388217033e-13,0.01
Chr08_55207110,8,55207110,-4.60571726014619,0.654948993001783,7.55638271592342e-14,0.01
Chr08_56762893,8,56762893,4.49222310974022,0.730718034435889,3.67373663958975e-11,0.01
Chr09_32309152,9,32309152,-6.07046218425933,1.14680816306103,1.37617967489975e-09,0.01
Chr09_56446959,9,56446959,5.58413222933168,0.958889690627501,4.03765909425599e-10,0.01
Chr09_56569311,9,56569311,3.60651018148987,0.611553590752609,1.07365507255923e-10,0.01
Chr09_787959,9,787959,-5.55471510364354,0.888268800466291,1.42313372071749e-11,0.01
Chr10_47020672,10,47020672,-4.73446961252915,0.849704491048905,5.46883693029236e-10,0.01
Chr10_49350167,10,49350167,8.48983232889747,1.29349251261482,8.22121156807505e-12,0.01
