SNP,CHROM,POS,EFFECT,SE,P,med2
Chr01_13328992,1,13328992,-7.30487371671449,1.25125034121854,2.0213984209115e-10,0.01
Chr01_15162011,1,15162011,-6.94825492323667,1.27097922036837,1.57426315802106e-09,0.01
Chr01_30320746,1,30320746,11.5850017026164,1.77760165827341,1.23235619308249e-11,0.01
Chr01_30440698,1,30440698,7.93273594759617,1.49509057269542,1.95334668073768e-09,0.01
Chr01_30649849,1,30649849,5.2643205736538,0.932525637843427,8.13181466054672e-10,0.02
Chr01_50697321,1,50697321,5.52901862520164,1.07111445626262,7.33002275737802e-09,0.02
Chr01_52308181,1,52308181,8.31504478587365,1.44697671863271,6.17641878650111e-10,0.01
Chr01_57944076,1,57944076,7.47955770801974,1.02772222045773,7.41763633300553e-14,0.01
Chr01_57962874,1,57962874,5.7317226482539,1.01554560823032,5.52288516549479e-10,0.01
Chr01_57963006,1,57963006,5.83622576931124,1.04414426753783,1.0059192796406e-09,0.01
Chr01_63219801,1,63219801,10.2549973242229,1.75129233626769,2.19422522133748e-10,0.01
Chr01_70871402,1,70871402,4.36390327384406,0.832923071213055,1.07635131725597e-08,0.01
Chr01_70887650,1,70887650,5.13033037092909,0.856378555548455,4.11780185529905e-11,0.01
Chr02_34381655,2,34381655,-7.87159128318501,1.48086843882889,6.7247770143094e-09,0.01
Chr02_35612135,2,35612135,-6.21156166399605,1.35954603939428,1.06747669828523e-08,0.01
Chr02_53855335,2,53855335,7.65520474622125,1.30257858086155,1.55193920236899e-09,0.02
Chr02_53946760,2,53946760,9.63534488066539,1.68886437143885,9.60213385869509e-10,0.02
Chr02_60599498,2,60599498,9.84045965052049,1.61538857070295,1.8616263659183e-09,0.04
Chr02_68005448,2,68005448,4.80177758971062,0.979252347785267,5.31287822584032e-09,0.01
Chr02_68005487,2,68005487,6.0308247401186,1.02248341503018,2.43461099710134e-10,0.01
Chr02_6935732,2,6935732,6.45180216974519,1.31153025947792,7.98052432984834e-09,0.02
Chr02_74235861,2,74235861,11.3033291560471,1.92481792398251,1.17146104432066e-10,0.01
Chr02_8379740,2,8379740,8.97336487823694,1.46575429864773,1.00733845449412e-09,0.02
Chr03_10099037,3,10099037,8.18966537171232,1.57876891026054,3.16908622307178e-09,0.01
Chr03_56518231,3,56518231,9.27605465951317,1.70505874270832,3.76268358443326e-10,0.01
Chr03_56520108,3,56520108,10.9524447786135,1.61061529953332,1.55361074360939e-09,0.23
Chr04_27842283,4,27842283,9.34432123740063,1.7542414377093,3.56810929411805e-09,0.03
Chr05_12109359,5,12109359,10.7046736534582,1.96060488012738,4.40855607042547e-09,0.04
Chr06_22519387,6,22519387,11.2381760260935,1.78204784706787,4.54716214930764e-09,0.02
Chr06_23691090,6,23691090,10.8010650126358,1.65541316118835,8.85707883570203e-12,0.01
Chr06_951770,6,951770,10.7598912965903,2.14293761562007,9.14016877081581e-09,0.01
Chr07_4030373,7,4030373,-5.61981071156798,1.07241995218131,7.3349281850985e-09,0.01
Chr07_58572440,7,58572440,-5.94282368574353,1.12953235204816,5.64577271432021e-09,0.01
Chr07_5968148,7,5968148,11.862279955723,1.90224214279968,1.45095951567735e-11,0.01
Chr07_61134722,7,61134722,6.59222739151721,1.14498835500251,3.06347493933974e-10,0.01
Chr07_61138589,7,61138589,5.32845673785486,0.963618208495531,1.11989466920166e-09,0.01
Chr07_61138877,7,61138877,6.57235447721374,1.25605258031367,3.8889907658412e-09,0.01
Chr07_64173977,7,64173977,10.4501218880863,1.84603697960041,5.34625606158629e-10,0.01
Chr07_6843096,7,6843096,-8.39933093257263,1.59565891631114,4.88640452718459e-09,0.01
Chr07_766681,7,766681,5.49991588900386,1.1239323543468,1.17307180818397e-08,0.01
Chr08_19785547,8,19785547,-10.2847997180007,1.75952177900078,3.53782110699605e-10,0.01
Chr08_45602786,8,45602786,9.7559452481199,1.66783106097851,1.5025370531156e-09,0.1
Chr08_58306986,8,58306986,5.96942542233314,1.04397972342576,5.01739457390251e-10,0.01
Chr08_61170807,8,61170807,6.73056959627405,1.2961324306224,3.77828104176426e-09,0.01
Chr09_20756037,9,20756037,5.67433900242947,1.07919016714874,5.56287195039615e-09,0.01
Chr09_45612672,9,45612672,4.30498787811871,0.822779910555584,5.71914581200618e-09,0.01
Chr09_50825276,9,50825276,5.66473448485622,0.97091397888418,2.37984630760415e-10,0.01
Chr10_11444445,10,11444445,10.4619302102409,1.77486018059655,1.68369958459879e-10,0.01
Chr10_15461648,10,15461648,-7.69905625610506,1.54940013220857,8.22471738059956e-09,0.01
Chr10_42652688,10,42652688,-9.76040828123411,1.81448496958874,2.55188381398832e-09,0.01
Chr10_45970034,10,45970034,6.40834206008721,1.0526324378977,3.79098778121712e-11,0.01
Chr10_60604338,10,60604338,10.5449828438629,1.82767820936855,2.676877782334e-10,0.01
